date,winner,season_start_year,match_month,match_type,city,venue,team1,team2,toss_winner,toss_decision,team1_prior_win_rate,team2_prior_win_rate,team1_vs_team2_prior_win_rate,toss_winner_prior_win_rate,team1_is_toss_winner,team1_win,pred_prob_team1_win,pred_label,actual_label,predicted_winner,actual_winner,confidence,correct
2022-05-08,Chennai Super Kings,2022,5,League,Navi Mumbai,"Dr DY Patil Sports Academy, Mumbai",Chennai Super Kings,Delhi Capitals,Delhi Capitals,field,0.587378640776699,0.4636363636363636,0.6071428571428571,0.4636363636363636,0,1,0.48011363,0,1,Delhi Capitals,Chennai Super Kings,0.5198864,0
2022-05-09,Kolkata Knight Riders,2022,5,League,Navi Mumbai,"Dr DY Patil Sports Academy, Mumbai",Kolkata Knight Riders,Mumbai Indians,Mumbai Indians,field,0.509009009009009,0.5676855895196506,0.28125,0.5676855895196506,0,1,0.53914,1,1,Kolkata Knight Riders,Kolkata Knight Riders,0.53914,1
2022-05-10,Gujarat Titans,2022,5,League,Pune,"Maharashtra Cricket Association Stadium, Pune",Gujarat Titans,Lucknow Super Giants,Gujarat Titans,bat,0.6923076923076923,0.6923076923076923,0.6666666666666666,0.6923076923076923,1,1,0.52719593,1,1,Gujarat Titans,Gujarat Titans,0.52719593,1
2022-05-11,Delhi Capitals,2022,5,League,Navi Mumbai,"Dr DY Patil Sports Academy, Mumbai",Rajasthan Royals,Delhi Capitals,Delhi Capitals,field,0.5053763440860215,0.46153846153846156,0.5185185185185185,0.46153846153846156,0,0,0.5168155,1,0,Rajasthan Royals,Delhi Capitals,0.5168155,0
2022-05-12,Mumbai Indians,2022,5,League,Mumbai,"Wankhede Stadium, Mumbai",Chennai Super Kings,Mumbai Indians,Mumbai Indians,field,0.5893719806763285,0.5652173913043478,0.42857142857142855,0.5652173913043478,0,0,0.52620924,1,0,Chennai Super Kings,Mumbai Indians,0.52620924,0
2022-05-13,Punjab Kings,2022,5,League,Mumbai,"Brabourne Stadium, Mumbai",Punjab Kings,Royal Challengers Bengaluru,Royal Challengers Bengaluru,field,0.4608294930875576,0.48868778280542985,0.5483870967741935,0.48868778280542985,0,1,0.50778544,1,1,Punjab Kings,Punjab Kings,0.50778544,1
2022-05-14,Kolkata Knight Riders,2022,5,League,Pune,"Maharashtra Cricket Association Stadium, Pune",Kolkata Knight Riders,Sunrisers Hyderabad,Kolkata Knight Riders,bat,0.5112107623318386,0.4966887417218543,0.625,0.5112107623318386,1,1,0.4829896,0,1,Sunrisers Hyderabad,Kolkata Knight Riders,0.5170104,0
2022-05-15,Gujarat Titans,2022,5,League,Mumbai,"Wankhede Stadium, Mumbai",Chennai Super Kings,Gujarat Titans,Chennai Super Kings,bat,0.5865384615384616,0.7142857142857143,0.3333333333333333,0.5865384615384616,1,0,0.49429998,0,0,Gujarat Titans,Gujarat Titans,0.5057,1
2022-05-15,Rajasthan Royals,2022,5,League,Mumbai,"Brabourne Stadium, Mumbai",Rajasthan Royals,Lucknow Super Giants,Rajasthan Royals,bat,0.5026737967914439,0.6428571428571429,0.6666666666666666,0.5026737967914439,1,1,0.4797888,0,1,Lucknow Super Giants,Rajasthan Royals,0.5202112,0
2022-05-16,Delhi Capitals,2022,5,League,Navi Mumbai,"Dr DY Patil Sports Academy, Mumbai",Delhi Capitals,Punjab Kings,Punjab Kings,field,0.46396396396396394,0.463302752293578,0.4838709677419355,0.463302752293578,0,1,0.5442195,1,1,Delhi Capitals,Delhi Capitals,0.5442195,1
2022-05-17,Sunrisers Hyderabad,2022,5,League,Mumbai,"Wankhede Stadium, Mumbai",Sunrisers Hyderabad,Mumbai Indians,Mumbai Indians,field,0.4934210526315789,0.5670995670995671,0.45,0.5670995670995671,0,1,0.51296943,1,1,Sunrisers Hyderabad,Sunrisers Hyderabad,0.51296943,1
2022-05-18,Lucknow Super Giants,2022,5,League,Navi Mumbai,"Dr DY Patil Sports Academy, Mumbai",Lucknow Super Giants,Kolkata Knight Riders,Lucknow Super Giants,bat,0.6,0.5133928571428571,0.6666666666666666,0.6,1,1,0.4997273,0,1,Kolkata Knight Riders,Lucknow Super Giants,0.5002727,0
2022-05-19,Royal Challengers Bengaluru,2022,5,League,Mumbai,"Wankhede Stadium, Mumbai",Gujarat Titans,Royal Challengers Bengaluru,Gujarat Titans,bat,0.7333333333333333,0.4864864864864865,0.6666666666666666,0.7333333333333333,1,0,0.51703113,1,0,Gujarat Titans,Royal Challengers Bengaluru,0.51703113,0
2022-05-20,Rajasthan Royals,2022,5,League,Mumbai,"Brabourne Stadium, Mumbai",Chennai Super Kings,Rajasthan Royals,Chennai Super Kings,bat,0.583732057416268,0.5053191489361702,0.5925925925925926,0.583732057416268,1,0,0.5223163,1,0,Chennai Super Kings,Rajasthan Royals,0.5223163,0
2022-05-21,Mumbai Indians,2022,5,League,Mumbai,"Wankhede Stadium, Mumbai",Delhi Capitals,Mumbai Indians,Mumbai Indians,field,0.4663677130044843,0.5646551724137931,0.48484848484848486,0.5646551724137931,0,0,0.52144367,1,0,Delhi Capitals,Mumbai Indians,0.52144367,0
2022-05-22,Punjab Kings,2022,5,League,Mumbai,"Wankhede Stadium, Mumbai",Sunrisers Hyderabad,Punjab Kings,Sunrisers Hyderabad,bat,0.49673202614379086,0.4611872146118721,0.6666666666666666,0.49673202614379086,1,0,0.47253492,0,0,Punjab Kings,Punjab Kings,0.5274651,1
2022-05-24,Gujarat Titans,2022,5,Qualifier 1,Kolkata,"Eden Gardens, Kolkata",Rajasthan Royals,Gujarat Titans,Gujarat Titans,field,0.5079365079365079,0.6875,0.3333333333333333,0.6875,0,0,0.4715202,0,0,Gujarat Titans,Gujarat Titans,0.5284798,1
2022-05-25,Royal Challengers Bengaluru,2022,5,Eliminator,Kolkata,"Eden Gardens, Kolkata",Royal Challengers Bengaluru,Lucknow Super Giants,Lucknow Super Giants,field,0.48878923766816146,0.625,0.6666666666666666,0.625,0,1,0.47965154,0,1,Lucknow Super Giants,Royal Challengers Bengaluru,0.5203484,0
2022-05-27,Rajasthan Royals,2022,5,Qualifier 2,Ahmedabad,"Narendra Modi Stadium, Ahmedabad",Royal Challengers Bengaluru,Rajasthan Royals,Rajasthan Royals,field,0.49107142857142855,0.5052631578947369,0.5384615384615384,0.5052631578947369,0,0,0.48159155,0,0,Rajasthan Royals,Rajasthan Royals,0.5184084,1
2022-05-29,Gujarat Titans,2022,5,Final,Ahmedabad,"Narendra Modi Stadium, Ahmedabad",Rajasthan Royals,Gujarat Titans,Rajasthan Royals,bat,0.5078534031413613,0.7058823529411765,0.25,0.5078534031413613,1,0,0.4613387,0,0,Gujarat Titans,Gujarat Titans,0.5386613,1
2023-03-31,Gujarat Titans,2023,3,League,Ahmedabad,"Narendra Modi Stadium, Ahmedabad",Chennai Super Kings,Gujarat Titans,Gujarat Titans,field,0.580952380952381,0.7222222222222222,0.25,0.7222222222222222,0,0,0.4274914,0,0,Gujarat Titans,Gujarat Titans,0.5725086,1
2023-04-01,Punjab Kings,2023,4,League,Chandigarh,"Punjab Cricket Association IS Bindra Stadium, Mohali, Chandigarh",Punjab Kings,Kolkata Knight Riders,Kolkata Knight Riders,field,0.4636363636363636,0.5111111111111111,0.34375,0.5111111111111111,0,1,0.44479188,0,1,Kolkata Knight Riders,Punjab Kings,0.5552081,0
2023-04-01,Lucknow Super Giants,2023,4,League,Lucknow,"Bharat Ratna Shri Atal Bihari Vajpayee Ekana Cricket Stadium, Lucknow",Lucknow Super Giants,Delhi Capitals,Delhi Capitals,field,0.5882352941176471,0.4642857142857143,0.75,0.4642857142857143,0,1,0.44931674,0,1,Delhi Capitals,Lucknow Super Giants,0.55068326,0
2023-04-02,Rajasthan Royals,2023,4,League,Hyderabad,"Rajiv Gandhi International Stadium, Uppal, Hyderabad",Rajasthan Royals,Sunrisers Hyderabad,Sunrisers Hyderabad,field,0.5052083333333334,0.4935064935064935,0.5,0.4935064935064935,0,1,0.48785892,0,1,Sunrisers Hyderabad,Rajasthan Royals,0.5121411,0
2023-04-02,Royal Challengers Bengaluru,2023,4,League,Bengaluru,"M Chinnaswamy Stadium, Bengaluru",Mumbai Indians,Royal Challengers Bengaluru,Royal Challengers Bengaluru,field,0.5665236051502146,0.4888888888888889,0.5625,0.4888888888888889,0,0,0.48363963,0,0,Royal Challengers Bengaluru,Royal Challengers Bengaluru,0.5163604,1
2023-04-03,Chennai Super Kings,2023,4,League,Chennai,"MA Chidambaram Stadium, Chepauk, Chennai",Chennai Super Kings,Lucknow Super Giants,Lucknow Super Giants,field,0.5781990521327014,0.6111111111111112,0.3333333333333333,0.6111111111111112,0,1,0.44634894,0,1,Lucknow Super Giants,Chennai Super Kings,0.5536511,0
2023-04-04,Gujarat Titans,2023,4,League,Delhi,"Arun Jaitley Stadium, Delhi",Delhi Capitals,Gujarat Titans,Gujarat Titans,field,0.4622222222222222,0.7368421052631579,0.3333333333333333,0.7368421052631579,0,0,0.5045272,1,0,Delhi Capitals,Gujarat Titans,0.5045272,0
2023-04-05,Punjab Kings,2023,4,League,Guwahati,"Barsapara Cricket Stadium, Guwahati",Punjab Kings,Rajasthan Royals,Rajasthan Royals,field,0.4660633484162896,0.5077720207253886,0.4230769230769231,0.5077720207253886,0,1,0.46265897,0,1,Rajasthan Royals,Punjab Kings,0.537341,0
2023-04-06,Kolkata Knight Riders,2023,4,League,Kolkata,"Eden Gardens, Kolkata",Kolkata Knight Riders,Royal Challengers Bengaluru,Royal Challengers Bengaluru,field,0.5088495575221239,0.4911504424778761,0.53125,0.4911504424778761,0,1,0.4414286,0,1,Royal Challengers Bengaluru,Kolkata Knight Riders,0.5585714,0
2023-04-07,Lucknow Super Giants,2023,4,League,Lucknow,"Bharat Ratna Shri Atal Bihari Vajpayee Ekana Cricket Stadium, Lucknow",Sunrisers Hyderabad,Lucknow Super Giants,Sunrisers Hyderabad,bat,0.49032258064516127,0.5789473684210527,0.3333333333333333,0.49032258064516127,1,0,0.41710302,0,0,Lucknow Super Giants,Lucknow Super Giants,0.58289695,1
2023-04-08,Rajasthan Royals,2023,4,League,Guwahati,"Barsapara Cricket Stadium, Guwahati",Rajasthan Royals,Delhi Capitals,Delhi Capitals,field,0.5051546391752577,0.46017699115044247,0.5,0.46017699115044247,0,1,0.47127005,0,1,Delhi Capitals,Rajasthan Royals,0.5287299,0
2023-04-08,Chennai Super Kings,2023,4,League,Mumbai,"Wankhede Stadium, Mumbai",Mumbai Indians,Chennai Super Kings,Chennai Super Kings,field,0.5641025641025641,0.5801886792452831,0.5833333333333334,0.5801886792452831,0,0,0.46460348,0,0,Chennai Super Kings,Chennai Super Kings,0.5353965,1
2023-04-09,Kolkata Knight Riders,2023,4,League,Ahmedabad,"Narendra Modi Stadium, Ahmedabad",Gujarat Titans,Kolkata Knight Riders,Gujarat Titans,bat,0.75,0.5110132158590308,0.6666666666666666,0.75,1,0,0.5010095,1,0,Gujarat Titans,Kolkata Knight Riders,0.5010095,0
2023-04-09,Sunrisers Hyderabad,2023,4,League,Hyderabad,"Rajiv Gandhi International Stadium, Uppal, Hyderabad",Punjab Kings,Sunrisers Hyderabad,Sunrisers Hyderabad,field,0.46846846846846846,0.48717948717948717,0.36363636363636365,0.48717948717948717,0,0,0.47579926,0,0,Sunrisers Hyderabad,Sunrisers Hyderabad,0.52420074,1
2023-04-10,Lucknow Super Giants,2023,4,League,Bengaluru,"M Chinnaswamy Stadium, Bengaluru",Royal Challengers Bengaluru,Lucknow Super Giants,Lucknow Super Giants,field,0.4889867841409692,0.6,0.75,0.6,0,0,0.44927627,0,0,Lucknow Super Giants,Lucknow Super Giants,0.55072373,1
2023-04-11,Mumbai Indians,2023,4,League,Delhi,"Arun Jaitley Stadium, Delhi",Delhi Capitals,Mumbai Indians,Mumbai Indians,field,0.4581497797356828,0.5617021276595745,0.47058823529411764,0.5617021276595745,0,0,0.48891392,0,0,Mumbai Indians,Mumbai Indians,0.5110861,1
2023-04-12,Rajasthan Royals,2023,4,League,Chennai,"MA Chidambaram Stadium, Chepauk, Chennai",Rajasthan Royals,Chennai Super Kings,Chennai Super Kings,field,0.5076923076923077,0.5821596244131455,0.42857142857142855,0.5821596244131455,0,1,0.4313464,0,1,Chennai Super Kings,Rajasthan Royals,0.5686536,0
2023-04-13,Gujarat Titans,2023,4,League,Chandigarh,"Punjab Cricket Association IS Bindra Stadium, Mohali, Chandigarh",Punjab Kings,Gujarat Titans,Gujarat Titans,field,0.4663677130044843,0.7142857142857143,0.5,0.7142857142857143,0,0,0.45277983,0,0,Gujarat Titans,Gujarat Titans,0.5472202,1
2023-04-14,Sunrisers Hyderabad,2023,4,League,Kolkata,"Eden Gardens, Kolkata",Sunrisers Hyderabad,Kolkata Knight Riders,Kolkata Knight Riders,field,0.49044585987261147,0.5131578947368421,0.36,0.5131578947368421,0,1,0.4493644,0,1,Kolkata Knight Riders,Sunrisers Hyderabad,0.5506356,0
2023-04-15,Royal Challengers Bengaluru,2023,4,League,Bengaluru,"M Chinnaswamy Stadium, Bengaluru",Royal Challengers Bengaluru,Delhi Capitals,Delhi Capitals,field,0.4868421052631579,0.45614035087719296,0.6206896551724138,0.45614035087719296,0,1,0.47146899,0,1,Delhi Capitals,Royal Challengers Bengaluru,0.528531,0
2023-04-15,Punjab Kings,2023,4,League,Lucknow,"Bharat Ratna Shri Atal Bihari Vajpayee Ekana Cricket Stadium, Lucknow",Lucknow Super Giants,Punjab Kings,Punjab Kings,field,0.6190476190476191,0.4642857142857143,0.6666666666666666,0.4642857142857143,0,0,0.46260902,0,0,Punjab Kings,Punjab Kings,0.53739095,1
2023-04-16,Mumbai Indians,2023,4,League,Mumbai,"Wankhede Stadium, Mumbai",Kolkata Knight Riders,Mumbai Indians,Mumbai Indians,field,0.5109170305676856,0.5635593220338984,0.30303030303030304,0.5635593220338984,0,0,0.47617236,0,0,Mumbai Indians,Mumbai Indians,0.5238277,1
2023-04-16,Rajasthan Royals,2023,4,League,Ahmedabad,"Narendra Modi Stadium, Ahmedabad",Gujarat Titans,Rajasthan Royals,Rajasthan Royals,field,0.7272727272727273,0.5102040816326531,0.8,0.5102040816326531,0,0,0.45734212,0,0,Rajasthan Royals,Rajasthan Royals,0.54265785,1
2023-04-17,Chennai Super Kings,2023,4,League,Bengaluru,"M Chinnaswamy Stadium, Bengaluru",Chennai Super Kings,Royal Challengers Bengaluru,Royal Challengers Bengaluru,field,0.5794392523364486,0.4890829694323144,0.6451612903225806,0.4890829694323144,0,1,0.46140277,0,1,Royal Challengers Bengaluru,Chennai Super Kings,0.5385972,0
2023-04-18,Mumbai Indians,2023,4,League,Hyderabad,"Rajiv Gandhi International Stadium, Uppal, Hyderabad",Mumbai Indians,Sunrisers Hyderabad,Sunrisers Hyderabad,field,0.5654008438818565,0.4936708860759494,0.5238095238095238,0.4936708860759494,0,1,0.47933814,0,1,Sunrisers Hyderabad,Mumbai Indians,0.52066183,0
2023-04-19,Lucknow Super Giants,2023,4,League,Jaipur,"Sawai Mansingh Stadium, Jaipur",Lucknow Super Giants,Rajasthan Royals,Rajasthan Royals,field,0.5909090909090909,0.5126903553299492,0.25,0.5126903553299492,0,1,0.5094865,1,1,Lucknow Super Giants,Lucknow Super Giants,0.5094865,1
2023-04-20,Royal Challengers Bengaluru,2023,4,League,Chandigarh,"Punjab Cricket Association IS Bindra Stadium, Mohali, Chandigarh",Royal Challengers Bengaluru,Punjab Kings,Punjab Kings,field,0.48695652173913045,0.4666666666666667,0.4375,0.4666666666666667,0,1,0.5013733,1,1,Royal Challengers Bengaluru,Royal Challengers Bengaluru,0.5013733,1
2023-04-20,Delhi Capitals,2023,4,League,Delhi,"Arun Jaitley Stadium, Delhi",Kolkata Knight Riders,Delhi Capitals,Delhi Capitals,field,0.508695652173913,0.45414847161572053,0.53125,0.45414847161572053,0,0,0.44603765,0,0,Delhi Capitals,Delhi Capitals,0.55396235,1
2023-04-21,Chennai Super Kings,2023,4,League,Chennai,"MA Chidambaram Stadium, Chepauk, Chennai",Sunrisers Hyderabad,Chennai Super Kings,Chennai Super Kings,field,0.49056603773584906,0.5813953488372093,0.3,0.5813953488372093,0,0,0.41253206,0,0,Chennai Super Kings,Chennai Super Kings,0.5874679,1
2023-04-22,Gujarat Titans,2023,4,League,Lucknow,"Bharat Ratna Shri Atal Bihari Vajpayee Ekana Cricket Stadium, Lucknow",Gujarat Titans,Lucknow Super Giants,Gujarat Titans,bat,0.6956521739130435,0.6086956521739131,0.75,0.6956521739130435,1,1,0.51154643,1,1,Gujarat Titans,Gujarat Titans,0.51154643,1
2023-04-22,Punjab Kings,2023,4,League,Mumbai,"Wankhede Stadium, Mumbai",Punjab Kings,Mumbai Indians,Mumbai Indians,field,0.4646017699115044,0.5672268907563025,0.4838709677419355,0.5672268907563025,0,1,0.47982642,0,1,Mumbai Indians,Punjab Kings,0.52017355,0
2023-04-23,Royal Challengers Bengaluru,2023,4,League,Bengaluru,"M Chinnaswamy Stadium, Bengaluru",Royal Challengers Bengaluru,Rajasthan Royals,Rajasthan Royals,field,0.48917748917748916,0.51010101010101,0.5185185185185185,0.51010101010101,0,1,0.45667705,0,1,Rajasthan Royals,Royal Challengers Bengaluru,0.5433229,0
2023-04-23,Chennai Super Kings,2023,4,League,Kolkata,"Eden Gardens, Kolkata",Chennai Super Kings,Kolkata Knight Riders,Kolkata Knight Riders,field,0.5833333333333334,0.5064935064935064,0.6428571428571429,0.5064935064935064,0,1,0.44452268,0,1,Kolkata Knight Riders,Chennai Super Kings,0.5554773,0
2023-04-24,Delhi Capitals,2023,4,League,Hyderabad,"Rajiv Gandhi International Stadium, Uppal, Hyderabad",Delhi Capitals,Sunrisers Hyderabad,Delhi Capitals,bat,0.45652173913043476,0.4875,0.4782608695652174,0.45652173913043476,1,1,0.4719837,0,1,Sunrisers Hyderabad,Delhi Capitals,0.5280163,0
2023-04-25,Gujarat Titans,2023,4,League,Ahmedabad,"Narendra Modi Stadium, Ahmedabad",Gujarat Titans,Mumbai Indians,Mumbai Indians,field,0.7083333333333334,0.5648535564853556,0.3333333333333333,0.5648535564853556,0,1,0.5061605,1,1,Gujarat Titans,Gujarat Titans,0.5061605,1
2023-04-26,Kolkata Knight Riders,2023,4,League,Bengaluru,"M Chinnaswamy Stadium, Bengaluru",Kolkata Knight Riders,Royal Challengers Bengaluru,Royal Challengers Bengaluru,field,0.5043103448275862,0.49137931034482757,0.5454545454545454,0.49137931034482757,0,1,0.47180957,0,1,Royal Challengers Bengaluru,Kolkata Knight Riders,0.52819043,0
2023-04-27,Rajasthan Royals,2023,4,League,Jaipur,"Sawai Mansingh Stadium, Jaipur",Rajasthan Royals,Chennai Super Kings,Rajasthan Royals,bat,0.507537688442211,0.5852534562211982,0.4482758620689655,0.507537688442211,1,1,0.42607585,0,1,Chennai Super Kings,Rajasthan Royals,0.5739242,0
2023-04-28,Lucknow Super Giants,2023,4,League,Chandigarh,"Punjab Cricket Association IS Bindra Stadium, Mohali, Chandigarh",Lucknow Super Giants,Punjab Kings,Punjab Kings,field,0.5833333333333334,0.4669603524229075,0.5,0.4669603524229075,0,1,0.48934674,0,1,Punjab Kings,Lucknow Super Giants,0.51065326,0
2023-04-29,Gujarat Titans,2023,4,League,Kolkata,"Eden Gardens, Kolkata",Kolkata Knight Riders,Gujarat Titans,Gujarat Titans,field,0.5064377682403434,0.72,0.5,0.72,0,0,0.4565296,0,0,Gujarat Titans,Gujarat Titans,0.5434704,1
2023-04-29,Sunrisers Hyderabad,2023,4,League,Delhi,"Arun Jaitley Stadium, Delhi",Sunrisers Hyderabad,Delhi Capitals,Sunrisers Hyderabad,bat,0.484472049689441,0.4588744588744589,0.5,0.484472049689441,1,1,0.39230832,0,1,Delhi Capitals,Sunrisers Hyderabad,0.60769165,0
2023-04-30,Punjab Kings,2023,4,League,Chennai,"MA Chidambaram Stadium, Chepauk, Chennai",Chennai Super Kings,Punjab Kings,Chennai Super Kings,bat,0.5825688073394495,0.4649122807017544,0.5517241379310345,0.5825688073394495,1,0,0.4971156,0,0,Punjab Kings,Punjab Kings,0.5028844,1
2023-04-30,Mumbai Indians,2023,4,League,Mumbai,"Wankhede Stadium, Mumbai",Rajasthan Royals,Mumbai Indians,Rajasthan Royals,bat,0.51,0.5625,0.4642857142857143,0.51,1,0,0.4206669,0,0,Mumbai Indians,Mumbai Indians,0.57933307,1
2023-05-01,Royal Challengers Bengaluru,2023,5,League,Lucknow,"Bharat Ratna Shri Atal Bihari Vajpayee Ekana Cricket Stadium, Lucknow",Royal Challengers Bengaluru,Lucknow Super Giants,Royal Challengers Bengaluru,bat,0.4892703862660944,0.6,0.6,0.4892703862660944,1,1,0.4526913,0,1,Lucknow Super Giants,Royal Challengers Bengaluru,0.5473087,0
2023-05-02,Delhi Capitals,2023,5,League,Ahmedabad,"Narendra Modi Stadium, Ahmedabad",Delhi Capitals,Gujarat Titans,Delhi Capitals,bat,0.45689655172413796,0.7307692307692307,0.25,0.45689655172413796,1,1,0.49788806,0,1,Gujarat Titans,Delhi Capitals,0.5021119,0
2023-05-03,Mumbai Indians,2023,5,League,Chandigarh,"Punjab Cricket Association IS Bindra Stadium, Mohali, Chandigarh",Punjab Kings,Mumbai Indians,Mumbai Indians,field,0.4672489082969432,0.5643153526970954,0.5,0.5643153526970954,0,0,0.50401074,1,0,Punjab Kings,Mumbai Indians,0.50401074,0
2023-05-04,Kolkata Knight Riders,2023,5,League,Hyderabad,"Rajiv Gandhi International Stadium, Uppal, Hyderabad",Kolkata Knight Riders,Sunrisers Hyderabad,Kolkata Knight Riders,bat,0.5042735042735043,0.4876543209876543,0.6153846153846154,0.5042735042735043,1,1,0.4770365,0,1,Sunrisers Hyderabad,Kolkata Knight Riders,0.5229635,0
2023-05-05,Gujarat Titans,2023,5,League,Jaipur,"Sawai Mansingh Stadium, Jaipur",Rajasthan Royals,Gujarat Titans,Rajasthan Royals,bat,0.5074626865671642,0.7037037037037037,0.3333333333333333,0.5074626865671642,1,0,0.47709173,0,0,Gujarat Titans,Gujarat Titans,0.5229083,1
2023-05-06,Chennai Super Kings,2023,5,League,Chennai,"MA Chidambaram Stadium, Chepauk, Chennai",Mumbai Indians,Chennai Super Kings,Chennai Super Kings,field,0.5661157024793388,0.5799086757990868,0.5675675675675675,0.5799086757990868,0,0,0.49143785,0,0,Chennai Super Kings,Chennai Super Kings,0.50856215,1
2023-05-06,Delhi Capitals,2023,5,League,Delhi,"Arun Jaitley Stadium, Delhi",Royal Challengers Bengaluru,Delhi Capitals,Royal Challengers Bengaluru,bat,0.49145299145299143,0.4592274678111588,0.6333333333333333,0.49145299145299143,1,0,0.48466483,0,0,Delhi Capitals,Delhi Capitals,0.5153352,1
2023-05-07,Gujarat Titans,2023,5,League,Ahmedabad,"Narendra Modi Stadium, Ahmedabad",Gujarat Titans,Lucknow Super Giants,Lucknow Super Giants,field,0.7142857142857143,0.5769230769230769,0.8,0.5769230769230769,0,1,0.49598944,0,1,Lucknow Super Giants,Gujarat Titans,0.50401056,0
2023-05-07,Sunrisers Hyderabad,2023,5,League,Jaipur,"Sawai Mansingh Stadium, Jaipur",Rajasthan Royals,Sunrisers Hyderabad,Rajasthan Royals,bat,0.504950495049505,0.48466257668711654,0.5263157894736842,0.504950495049505,1,0,0.47795674,0,0,Sunrisers Hyderabad,Sunrisers Hyderabad,0.5220432,1
2023-05-08,Kolkata Knight Riders,2023,5,League,Kolkata,"Eden Gardens, Kolkata",Punjab Kings,Kolkata Knight Riders,Punjab Kings,bat,0.4652173913043478,0.5063829787234042,0.36363636363636365,0.4652173913043478,1,0,0.4651113,0,0,Kolkata Knight Riders,Kolkata Knight Riders,0.53488874,1
2023-05-09,Mumbai Indians,2023,5,League,Mumbai,"Wankhede Stadium, Mumbai",Royal Challengers Bengaluru,Mumbai Indians,Mumbai Indians,field,0.48936170212765956,0.5637860082304527,0.45454545454545453,0.5637860082304527,0,0,0.51002014,1,0,Royal Challengers Bengaluru,Mumbai Indians,0.51002014,0
2023-05-10,Chennai Super Kings,2023,5,League,Chennai,"MA Chidambaram Stadium, Chepauk, Chennai",Chennai Super Kings,Delhi Capitals,Chennai Super Kings,bat,0.5818181818181818,0.46153846153846156,0.6206896551724138,0.5818181818181818,1,1,0.53722745,1,1,Chennai Super Kings,Chennai Super Kings,0.53722745,1
2023-05-11,Rajasthan Royals,2023,5,League,Kolkata,"Eden Gardens, Kolkata",Kolkata Knight Riders,Rajasthan Royals,Rajasthan Royals,field,0.5084745762711864,0.5024630541871922,0.5357142857142857,0.5024630541871922,0,0,0.50207955,1,0,Kolkata Knight Riders,Rajasthan Royals,0.50207955,0
2023-05-12,Mumbai Indians,2023,5,League,Mumbai,"Wankhede Stadium, Mumbai",Mumbai Indians,Gujarat Titans,Gujarat Titans,field,0.5655737704918032,0.7241379310344828,0.5,0.7241379310344828,0,1,0.5073874,1,1,Mumbai Indians,Mumbai Indians,0.5073874,1
2023-05-13,Lucknow Super Giants,2023,5,League,Hyderabad,"Rajiv Gandhi International Stadium, Uppal, Hyderabad",Sunrisers Hyderabad,Lucknow Super Giants,Sunrisers Hyderabad,bat,0.4878048780487805,0.5555555555555556,0.25,0.4878048780487805,1,0,0.44549516,0,0,Lucknow Super Giants,Lucknow Super Giants,0.5545049,1
2023-05-13,Punjab Kings,2023,5,League,Delhi,"Arun Jaitley Stadium, Delhi",Punjab Kings,Delhi Capitals,Delhi Capitals,field,0.46320346320346323,0.4595744680851064,0.5,0.4595744680851064,0,1,0.47329637,0,1,Delhi Capitals,Punjab Kings,0.5267036,0
2023-05-14,Royal Challengers Bengaluru,2023,5,League,Jaipur,"Sawai Mansingh Stadium, Jaipur",Royal Challengers Bengaluru,Rajasthan Royals,Royal Challengers Bengaluru,bat,0.4872881355932203,0.5049019607843137,0.5357142857142857,0.4872881355932203,1,1,0.51188856,1,1,Royal Challengers Bengaluru,Royal Challengers Bengaluru,0.51188856,1
2023-05-14,Kolkata Knight Riders,2023,5,League,Chennai,"MA Chidambaram Stadium, Chepauk, Chennai",Chennai Super Kings,Kolkata Knight Riders,Chennai Super Kings,bat,0.583710407239819,0.5063291139240507,0.6551724137931034,0.583710407239819,1,0,0.5321437,1,0,Chennai Super Kings,Kolkata Knight Riders,0.5321437,0
2023-05-15,Gujarat Titans,2023,5,League,Ahmedabad,"Narendra Modi Stadium, Ahmedabad",Gujarat Titans,Sunrisers Hyderabad,Sunrisers Hyderabad,field,0.7,0.48484848484848486,0.5,0.48484848484848486,0,1,0.49674928,0,1,Sunrisers Hyderabad,Gujarat Titans,0.5032507,0
2023-05-16,Lucknow Super Giants,2023,5,League,Lucknow,"Bharat Ratna Shri Atal Bihari Vajpayee Ekana Cricket Stadium, Lucknow",Lucknow Super Giants,Mumbai Indians,Mumbai Indians,field,0.5714285714285714,0.5673469387755102,0.75,0.5673469387755102,0,1,0.5035506,1,1,Lucknow Super Giants,Lucknow Super Giants,0.5035506,1
2023-05-17,Delhi Capitals,2023,5,League,Dharamsala,"Himachal Pradesh Cricket Association Stadium, Dharamsala",Delhi Capitals,Punjab Kings,Punjab Kings,field,0.4576271186440678,0.46551724137931033,0.48484848484848486,0.46551724137931033,0,1,0.5473035,1,1,Delhi Capitals,Delhi Capitals,0.5473035,1
2023-05-18,Royal Challengers Bengaluru,2023,5,League,Hyderabad,"Rajiv Gandhi International Stadium, Uppal, Hyderabad",Sunrisers Hyderabad,Royal Challengers Bengaluru,Royal Challengers Bengaluru,field,0.4819277108433735,0.48945147679324896,0.5652173913043478,0.48945147679324896,0,0,0.5160258,1,0,Sunrisers Hyderabad,Royal Challengers Bengaluru,0.5160258,0
2023-05-19,Rajasthan Royals,2023,5,League,Dharamsala,"Himachal Pradesh Cricket Association Stadium, Dharamsala",Punjab Kings,Rajasthan Royals,Rajasthan Royals,field,0.463519313304721,0.5024390243902439,0.4444444444444444,0.5024390243902439,0,0,0.49397424,0,0,Rajasthan Royals,Rajasthan Royals,0.5060258,1
2023-05-20,Chennai Super Kings,2023,5,League,Delhi,"Arun Jaitley Stadium, Delhi",Chennai Super Kings,Delhi Capitals,Chennai Super Kings,bat,0.581081081081081,0.459915611814346,0.6333333333333333,0.581081081081081,1,1,0.49624422,0,1,Delhi Capitals,Chennai Super Kings,0.5037558,0
2023-05-20,Lucknow Super Giants,2023,5,League,Kolkata,"Eden Gardens, Kolkata",Lucknow Super Giants,Kolkata Knight Riders,Kolkata Knight Riders,field,0.5862068965517241,0.5084033613445378,0.75,0.5084033613445378,0,1,0.46263507,0,1,Kolkata Knight Riders,Lucknow Super Giants,0.53736496,0
2023-05-21,Mumbai Indians,2023,5,League,Mumbai,"Wankhede Stadium, Mumbai",Sunrisers Hyderabad,Mumbai Indians,Mumbai Indians,field,0.47904191616766467,0.5650406504065041,0.45454545454545453,0.5650406504065041,0,0,0.50995046,1,0,Sunrisers Hyderabad,Mumbai Indians,0.50995046,0
2023-05-21,Gujarat Titans,2023,5,League,Bengaluru,"M Chinnaswamy Stadium, Bengaluru",Royal Challengers Bengaluru,Gujarat Titans,Gujarat Titans,field,0.49159663865546216,0.7096774193548387,0.5,0.7096774193548387,0,0,0.46123523,0,0,Gujarat Titans,Gujarat Titans,0.5387648,1
2023-05-23,Chennai Super Kings,2023,5,Qualifier 1,Chennai,"MA Chidambaram Stadium, Chepauk, Chennai",Chennai Super Kings,Gujarat Titans,Gujarat Titans,field,0.5829596412556054,0.71875,0.2,0.71875,0,1,0.45586273,0,1,Gujarat Titans,Chennai Super Kings,0.54413724,0
2023-05-24,Mumbai Indians,2023,5,Eliminator,Chennai,"MA Chidambaram Stadium, Chepauk, Chennai",Mumbai Indians,Lucknow Super Giants,Mumbai Indians,bat,0.5668016194331984,0.6,0.2,0.5668016194331984,1,1,0.5328926,1,1,Mumbai Indians,Mumbai Indians,0.5328926,1
2023-05-26,Gujarat Titans,2023,5,Qualifier 2,Ahmedabad,"Narendra Modi Stadium, Ahmedabad",Gujarat Titans,Mumbai Indians,Mumbai Indians,field,0.696969696969697,0.5685483870967742,0.4,0.5685483870967742,0,1,0.543897,1,1,Gujarat Titans,Gujarat Titans,0.543897,1
2023-05-29,Chennai Super Kings,2023,5,Final,Ahmedabad,"Narendra Modi Stadium, Ahmedabad",Gujarat Titans,Chennai Super Kings,Chennai Super Kings,field,0.7058823529411765,0.5848214285714286,0.6666666666666666,0.5848214285714286,0,0,0.48519406,0,0,Chennai Super Kings,Chennai Super Kings,0.5148059,1
2024-03-22,Chennai Super Kings,2024,3,League,Chennai,"MA Chidambaram Stadium, Chepauk, Chennai",Royal Challengers Bengaluru,Chennai Super Kings,Royal Challengers Bengaluru,bat,0.4895397489539749,0.5866666666666667,0.34375,0.4895397489539749,1,0,0.37467435,0,0,Chennai Super Kings,Chennai Super Kings,0.6253257,1
2024-03-23,Punjab Kings,2024,3,League,Mohali,"Maharaja Yadavindra Singh International Cricket Stadium, Mullanpur",Delhi Capitals,Punjab Kings,Punjab Kings,field,0.4579831932773109,0.46153846153846156,0.5,0.46153846153846156,0,0,0.49601126,0,0,Punjab Kings,Punjab Kings,0.50398874,1
2024-03-23,Kolkata Knight Riders,2024,3,League,Kolkata,"Eden Gardens, Kolkata",Kolkata Knight Riders,Sunrisers Hyderabad,Sunrisers Hyderabad,field,0.5062761506276151,0.47619047619047616,0.6296296296296297,0.47619047619047616,0,1,0.42620808,0,1,Sunrisers Hyderabad,Kolkata Knight Riders,0.5737919,0
2024-03-24,Rajasthan Royals,2024,3,League,Jaipur,"Sawai Mansingh Stadium, Jaipur",Rajasthan Royals,Lucknow Super Giants,Rajasthan Royals,bat,0.5048543689320388,0.5806451612903226,0.6,0.5048543689320388,1,1,0.43970576,0,1,Lucknow Super Giants,Rajasthan Royals,0.5602943,0
2024-03-24,Gujarat Titans,2024,3,League,Ahmedabad,"Narendra Modi Stadium, Ahmedabad",Gujarat Titans,Mumbai Indians,Mumbai Indians,field,0.6857142857142857,0.5662650602409639,0.5,0.5662650602409639,0,1,0.44841358,0,1,Mumbai Indians,Gujarat Titans,0.5515864,0
2024-03-25,Royal Challengers Bengaluru,2024,3,League,Bengaluru,"M Chinnaswamy Stadium, Bengaluru",Punjab Kings,Royal Challengers Bengaluru,Royal Challengers Bengaluru,field,0.46382978723404256,0.4875,0.5454545454545454,0.4875,0,0,0.43467015,0,0,Royal Challengers Bengaluru,Royal Challengers Bengaluru,0.56532985,1
2024-03-26,Chennai Super Kings,2024,3,League,Chennai,"MA Chidambaram Stadium, Chepauk, Chennai",Chennai Super Kings,Gujarat Titans,Gujarat Titans,field,0.588495575221239,0.6944444444444444,0.42857142857142855,0.6944444444444444,0,1,0.43446776,0,1,Gujarat Titans,Chennai Super Kings,0.5655322,0
2024-03-27,Sunrisers Hyderabad,2024,3,League,Hyderabad,"Rajiv Gandhi International Stadium, Uppal, Hyderabad",Sunrisers Hyderabad,Mumbai Indians,Mumbai Indians,field,0.47337278106508873,0.564,0.43478260869565216,0.564,0,1,0.43653858,0,1,Mumbai Indians,Sunrisers Hyderabad,0.5634614,0
2024-03-28,Rajasthan Royals,2024,3,League,Jaipur,"Sawai Mansingh Stadium, Jaipur",Rajasthan Royals,Delhi Capitals,Delhi Capitals,field,0.5072463768115942,0.4560669456066946,0.5172413793103449,0.4560669456066946,0,1,0.43849897,0,1,Delhi Capitals,Rajasthan Royals,0.561501,0
2024-03-29,Kolkata Knight Riders,2024,3,League,Bengaluru,"M Chinnaswamy Stadium, Bengaluru",Royal Challengers Bengaluru,Kolkata Knight Riders,Kolkata Knight Riders,field,0.4896265560165975,0.5083333333333333,0.4411764705882353,0.5083333333333333,0,0,0.39462733,0,0,Kolkata Knight Riders,Kolkata Knight Riders,0.60537267,1
2024-03-30,Lucknow Super Giants,2024,3,League,Lucknow,"Bharat Ratna Shri Atal Bihari Vajpayee Ekana Cricket Stadium, Lucknow",Lucknow Super Giants,Punjab Kings,Lucknow Super Giants,bat,0.5625,0.461864406779661,0.6,0.5625,1,1,0.4637311,0,1,Punjab Kings,Lucknow Super Giants,0.5362689,0
2024-03-31,Gujarat Titans,2024,3,League,Ahmedabad,"Narendra Modi Stadium, Ahmedabad",Sunrisers Hyderabad,Gujarat Titans,Sunrisers Hyderabad,bat,0.4764705882352941,0.6756756756756757,0.4,0.4764705882352941,1,0,0.37801498,0,0,Gujarat Titans,Gujarat Titans,0.621985,1
2024-03-31,Delhi Capitals,2024,3,League,Visakhapatnam,"Dr. Y.S. Rajasekhara Reddy ACA-VDCA Cricket Stadium, Visakhapatnam",Delhi Capitals,Chennai Super Kings,Delhi Capitals,bat,0.45416666666666666,0.5903083700440529,0.3548387096774194,0.45416666666666666,1,1,0.42264876,0,1,Chennai Super Kings,Delhi Capitals,0.5773512,0
2024-04-01,Rajasthan Royals,2024,4,League,Mumbai,"Wankhede Stadium, Mumbai",Mumbai Indians,Rajasthan Royals,Rajasthan Royals,field,0.5617529880478087,0.5096153846153846,0.5517241379310345,0.5096153846153846,0,0,0.47346544,0,0,Rajasthan Royals,Rajasthan Royals,0.52653456,1
2024-04-02,Lucknow Super Giants,2024,4,League,Bengaluru,"M Chinnaswamy Stadium, Bengaluru",Lucknow Super Giants,Royal Challengers Bengaluru,Royal Challengers Bengaluru,field,0.5757575757575758,0.48760330578512395,0.3333333333333333,0.48760330578512395,0,1,0.46101007,0,1,Royal Challengers Bengaluru,Lucknow Super Giants,0.5389899,0
2024-04-03,Kolkata Knight Riders,2024,4,League,Visakhapatnam,"Dr. Y.S. Rajasekhara Reddy ACA-VDCA Cricket Stadium, Visakhapatnam",Kolkata Knight Riders,Delhi Capitals,Kolkata Knight Riders,bat,0.5103734439834025,0.45643153526970953,0.5151515151515151,0.5103734439834025,1,1,0.47852954,0,1,Delhi Capitals,Kolkata Knight Riders,0.5214704,0
2024-04-04,Punjab Kings,2024,4,League,Ahmedabad,"Narendra Modi Stadium, Ahmedabad",Gujarat Titans,Punjab Kings,Punjab Kings,field,0.6842105263157895,0.459915611814346,0.6,0.459915611814346,0,0,0.44319448,0,0,Punjab Kings,Punjab Kings,0.5568055,1
2024-04-05,Sunrisers Hyderabad,2024,4,League,Hyderabad,"Rajiv Gandhi International Stadium, Uppal, Hyderabad",Chennai Super Kings,Sunrisers Hyderabad,Sunrisers Hyderabad,field,0.5877192982456141,0.47368421052631576,0.7142857142857143,0.47368421052631576,0,0,0.43605658,0,0,Sunrisers Hyderabad,Sunrisers Hyderabad,0.5639434,1
2024-04-06,Rajasthan Royals,2024,4,League,Jaipur,"Sawai Mansingh Stadium, Jaipur",Royal Challengers Bengaluru,Rajasthan Royals,Rajasthan Royals,field,0.48559670781893005,0.5119617224880383,0.5517241379310345,0.5119617224880383,0,0,0.45825693,0,0,Rajasthan Royals,Rajasthan Royals,0.54174304,1
2024-04-07,Mumbai Indians,2024,4,League,Mumbai,"Wankhede Stadium, Mumbai",Mumbai Indians,Delhi Capitals,Delhi Capitals,field,0.5595238095238095,0.45454545454545453,0.5428571428571428,0.45454545454545453,0,1,0.49095973,0,1,Delhi Capitals,Mumbai Indians,0.50904024,0
2024-04-07,Lucknow Super Giants,2024,4,League,Lucknow,"Bharat Ratna Shri Atal Bihari Vajpayee Ekana Cricket Stadium, Lucknow",Lucknow Super Giants,Gujarat Titans,Lucknow Super Giants,bat,0.5882352941176471,0.6666666666666666,0.16666666666666666,0.5882352941176471,1,1,0.49395525,0,1,Gujarat Titans,Lucknow Super Giants,0.50604475,0
2024-04-08,Chennai Super Kings,2024,4,League,Chennai,"MA Chidambaram Stadium, Chepauk, Chennai",Kolkata Knight Riders,Chennai Super Kings,Chennai Super Kings,field,0.512396694214876,0.5851528384279476,0.36666666666666664,0.5851528384279476,0,0,0.4414222,0,0,Chennai Super Kings,Chennai Super Kings,0.5585778,1
2024-04-09,Sunrisers Hyderabad,2024,4,League,Mohali,"Maharaja Yadavindra Singh International Cricket Stadium, Mullanpur",Sunrisers Hyderabad,Punjab Kings,Punjab Kings,field,0.47674418604651164,0.46218487394957986,0.6521739130434783,0.46218487394957986,0,1,0.47878835,0,1,Punjab Kings,Sunrisers Hyderabad,0.5212116,0
2024-04-10,Gujarat Titans,2024,4,League,Jaipur,"Sawai Mansingh Stadium, Jaipur",Rajasthan Royals,Gujarat Titans,Gujarat Titans,field,0.5142857142857142,0.65,0.2857142857142857,0.65,0,0,0.4757104,0,0,Gujarat Titans,Gujarat Titans,0.5242896,1
2024-04-11,Mumbai Indians,2024,4,League,Mumbai,"Wankhede Stadium, Mumbai",Royal Challengers Bengaluru,Mumbai Indians,Mumbai Indians,field,0.48360655737704916,0.5612648221343873,0.4411764705882353,0.5612648221343873,0,0,0.45613995,0,0,Mumbai Indians,Mumbai Indians,0.5438601,1
2024-04-12,Delhi Capitals,2024,4,League,Lucknow,"Bharat Ratna Shri Atal Bihari Vajpayee Ekana Cricket Stadium, Lucknow",Lucknow Super Giants,Delhi Capitals,Lucknow Super Giants,bat,0.6,0.45267489711934156,0.8,0.6,1,0,0.5022632,1,0,Lucknow Super Giants,Delhi Capitals,0.5022632,0
2024-04-13,Rajasthan Royals,2024,4,League,Mohali,"Maharaja Yadavindra Singh International Cricket Stadium, Mullanpur",Punjab Kings,Rajasthan Royals,Rajasthan Royals,field,0.4602510460251046,0.5118483412322274,0.42857142857142855,0.5118483412322274,0,0,0.45964444,0,0,Rajasthan Royals,Rajasthan Royals,0.54035556,1
2024-04-14,Kolkata Knight Riders,2024,4,League,Kolkata,"Eden Gardens, Kolkata",Lucknow Super Giants,Kolkata Knight Riders,Kolkata Knight Riders,field,0.5833333333333334,0.5102880658436214,0.8,0.5102880658436214,0,0,0.43771553,0,0,Kolkata Knight Riders,Kolkata Knight Riders,0.56228447,1
2024-04-14,Chennai Super Kings,2024,4,League,Mumbai,"Wankhede Stadium, Mumbai",Chennai Super Kings,Mumbai Indians,Mumbai Indians,field,0.5869565217391305,0.562992125984252,0.4473684210526316,0.562992125984252,0,1,0.48641074,0,1,Mumbai Indians,Chennai Super Kings,0.51358926,0
2024-04-15,Sunrisers Hyderabad,2024,4,League,Bengaluru,"M Chinnaswamy Stadium, Bengaluru",Sunrisers Hyderabad,Royal Challengers Bengaluru,Royal Challengers Bengaluru,field,0.4797687861271676,0.4816326530612245,0.5416666666666666,0.4816326530612245,0,1,0.447403,0,1,Royal Challengers Bengaluru,Sunrisers Hyderabad,0.552597,0
2024-04-16,Rajasthan Royals,2024,4,League,Kolkata,"Eden Gardens, Kolkata",Kolkata Knight Riders,Rajasthan Royals,Rajasthan Royals,field,0.5122950819672131,0.5141509433962265,0.5172413793103449,0.5141509433962265,0,0,0.46749157,0,0,Rajasthan Royals,Rajasthan Royals,0.53250843,1
2024-04-17,Delhi Capitals,2024,4,League,Ahmedabad,"Narendra Modi Stadium, Ahmedabad",Gujarat Titans,Delhi Capitals,Delhi Capitals,field,0.6585365853658537,0.45491803278688525,0.6,0.45491803278688525,0,0,0.4389313,0,0,Delhi Capitals,Delhi Capitals,0.5610687,1
2024-04-18,Mumbai Indians,2024,4,League,Mohali,"Maharaja Yadavindra Singh International Cricket Stadium, Mullanpur",Mumbai Indians,Punjab Kings,Punjab Kings,field,0.5607843137254902,0.4583333333333333,0.5151515151515151,0.4583333333333333,0,1,0.48732185,0,1,Punjab Kings,Mumbai Indians,0.51267815,0
2024-04-19,Lucknow Super Giants,2024,4,League,Lucknow,"Bharat Ratna Shri Atal Bihari Vajpayee Ekana Cricket Stadium, Lucknow",Chennai Super Kings,Lucknow Super Giants,Lucknow Super Giants,field,0.5887445887445888,0.5675675675675675,0.5,0.5675675675675675,0,0,0.45654985,0,0,Lucknow Super Giants,Lucknow Super Giants,0.5434501,1
2024-04-20,Sunrisers Hyderabad,2024,4,League,Delhi,"Arun Jaitley Stadium, Delhi",Sunrisers Hyderabad,Delhi Capitals,Delhi Capitals,field,0.4827586206896552,0.45714285714285713,0.52,0.45714285714285713,0,1,0.4243799,0,1,Delhi Capitals,Sunrisers Hyderabad,0.5756201,0
2024-04-21,Kolkata Knight Riders,2024,4,League,Kolkata,"Eden Gardens, Kolkata",Kolkata Knight Riders,Royal Challengers Bengaluru,Royal Challengers Bengaluru,field,0.5102040816326531,0.4796747967479675,0.5714285714285714,0.4796747967479675,0,1,0.4403924,0,1,Royal Challengers Bengaluru,Kolkata Knight Riders,0.5596076,0
2024-04-21,Gujarat Titans,2024,4,League,Mohali,"Maharaja Yadavindra Singh International Cricket Stadium, Mullanpur",Punjab Kings,Gujarat Titans,Punjab Kings,bat,0.45643153526970953,0.6428571428571429,0.5,0.45643153526970953,1,0,0.41168785,0,0,Gujarat Titans,Gujarat Titans,0.58831215,1
2024-04-22,Rajasthan Royals,2024,4,League,Jaipur,"Sawai Mansingh Stadium, Jaipur",Mumbai Indians,Rajasthan Royals,Mumbai Indians,bat,0.5625,0.5164319248826291,0.5333333333333333,0.5625,1,0,0.49452066,0,0,Rajasthan Royals,Rajasthan Royals,0.50547934,1
2024-04-23,Lucknow Super Giants,2024,4,League,Chennai,"MA Chidambaram Stadium, Chepauk, Chennai",Chennai Super Kings,Lucknow Super Giants,Lucknow Super Giants,field,0.5862068965517241,0.5789473684210527,0.4,0.5789473684210527,0,0,0.44618854,0,0,Lucknow Super Giants,Lucknow Super Giants,0.55381143,1
2024-04-24,Delhi Capitals,2024,4,League,Delhi,"Arun Jaitley Stadium, Delhi",Delhi Capitals,Gujarat Titans,Gujarat Titans,field,0.45528455284552843,0.6511627906976745,0.5,0.6511627906976745,0,1,0.4819883,0,1,Gujarat Titans,Delhi Capitals,0.5180117,0
2024-04-25,Royal Challengers Bengaluru,2024,4,League,Hyderabad,"Rajiv Gandhi International Stadium, Uppal, Hyderabad",Royal Challengers Bengaluru,Sunrisers Hyderabad,Royal Challengers Bengaluru,bat,0.4777327935222672,0.4857142857142857,0.44,0.4777327935222672,1,1,0.44580057,0,1,Sunrisers Hyderabad,Royal Challengers Bengaluru,0.55419946,0
2024-04-26,Punjab Kings,2024,4,League,Kolkata,"Eden Gardens, Kolkata",Kolkata Knight Riders,Punjab Kings,Punjab Kings,field,0.5121951219512195,0.45454545454545453,0.6470588235294118,0.45454545454545453,0,0,0.47017688,0,0,Punjab Kings,Punjab Kings,0.5298231,1
2024-04-27,Delhi Capitals,2024,4,League,Delhi,"Arun Jaitley Stadium, Delhi",Delhi Capitals,Mumbai Indians,Mumbai Indians,field,0.4574898785425101,0.5603112840466926,0.4444444444444444,0.5603112840466926,0,1,0.4930229,0,1,Mumbai Indians,Delhi Capitals,0.5069771,0
2024-04-27,Rajasthan Royals,2024,4,League,Lucknow,"Bharat Ratna Shri Atal Bihari Vajpayee Ekana Cricket Stadium, Lucknow",Lucknow Super Giants,Rajasthan Royals,Rajasthan Royals,field,0.5897435897435898,0.5186915887850467,0.3333333333333333,0.5186915887850467,0,0,0.4868213,0,0,Rajasthan Royals,Rajasthan Royals,0.5131787,1
2024-04-28,Royal Challengers Bengaluru,2024,4,League,Ahmedabad,"Narendra Modi Stadium, Ahmedabad",Gujarat Titans,Royal Challengers Bengaluru,Royal Challengers Bengaluru,field,0.6363636363636364,0.4798387096774194,0.6,0.4798387096774194,0,0,0.45448914,0,0,Royal Challengers Bengaluru,Royal Challengers Bengaluru,0.5455109,1
2024-04-28,Chennai Super Kings,2024,4,League,Chennai,"MA Chidambaram Stadium, Chepauk, Chennai",Chennai Super Kings,Sunrisers Hyderabad,Sunrisers Hyderabad,field,0.5836909871244635,0.48295454545454547,0.6818181818181818,0.48295454545454547,0,1,0.43574697,0,1,Sunrisers Hyderabad,Chennai Super Kings,0.56425303,0
2024-04-29,Kolkata Knight Riders,2024,4,League,Kolkata,"Eden Gardens, Kolkata",Delhi Capitals,Kolkata Knight Riders,Delhi Capitals,bat,0.4596774193548387,0.5101214574898786,0.47058823529411764,0.4596774193548387,1,0,0.48165318,0,0,Kolkata Knight Riders,Kolkata Knight Riders,0.5183468,1
2024-04-30,Lucknow Super Giants,2024,4,League,Lucknow,"Bharat Ratna Shri Atal Bihari Vajpayee Ekana Cricket Stadium, Lucknow",Mumbai Indians,Lucknow Super Giants,Lucknow Super Giants,field,0.5581395348837209,0.575,0.3333333333333333,0.575,0,0,0.4844357,0,0,Lucknow Super Giants,Lucknow Super Giants,0.5155643,1
2024-05-01,Punjab Kings,2024,5,League,Chennai,"MA Chidambaram Stadium, Chepauk, Chennai",Chennai Super Kings,Punjab Kings,Punjab Kings,field,0.5854700854700855,0.4567901234567901,0.5333333333333333,0.4567901234567901,0,0,0.46632862,0,0,Punjab Kings,Punjab Kings,0.5336714,1
2024-05-02,Sunrisers Hyderabad,2024,5,League,Hyderabad,"Rajiv Gandhi International Stadium, Uppal, Hyderabad",Sunrisers Hyderabad,Rajasthan Royals,Sunrisers Hyderabad,bat,0.480225988700565,0.5209302325581395,0.5,0.480225988700565,1,1,0.43824962,0,1,Rajasthan Royals,Sunrisers Hyderabad,0.5617504,0
2024-05-03,Kolkata Knight Riders,2024,5,League,Mumbai,"Wankhede Stadium, Mumbai",Kolkata Knight Riders,Mumbai Indians,Mumbai Indians,field,0.5120967741935484,0.555984555984556,0.29411764705882354,0.555984555984556,0,1,0.5315925,1,1,Kolkata Knight Riders,Kolkata Knight Riders,0.5315925,1
2024-05-04,Royal Challengers Bengaluru,2024,5,League,Bengaluru,"M Chinnaswamy Stadium, Bengaluru",Gujarat Titans,Royal Challengers Bengaluru,Royal Challengers Bengaluru,field,0.6222222222222222,0.4819277108433735,0.5,0.4819277108433735,0,0,0.49665362,0,0,Royal Challengers Bengaluru,Royal Challengers Bengaluru,0.5033464,1
2024-05-05,Chennai Super Kings,2024,5,League,Dharamsala,"Himachal Pradesh Cricket Association Stadium, Dharamsala",Chennai Super Kings,Punjab Kings,Punjab Kings,field,0.5829787234042553,0.45901639344262296,0.5161290322580645,0.45901639344262296,0,1,0.4891281,0,1,Punjab Kings,Chennai Super Kings,0.5108719,0
2024-05-05,Kolkata Knight Riders,2024,5,League,Lucknow,"Bharat Ratna Shri Atal Bihari Vajpayee Ekana Cricket Stadium, Lucknow",Kolkata Knight Riders,Lucknow Super Giants,Lucknow Super Giants,field,0.5140562248995983,0.5853658536585366,0.3333333333333333,0.5853658536585366,0,1,0.5250404,1,1,Kolkata Knight Riders,Kolkata Knight Riders,0.5250404,1
2024-05-06,Mumbai Indians,2024,5,League,Mumbai,"Wankhede Stadium, Mumbai",Sunrisers Hyderabad,Mumbai Indians,Mumbai Indians,field,0.48314606741573035,0.5538461538461539,0.4583333333333333,0.5538461538461539,0,0,0.50805235,1,0,Sunrisers Hyderabad,Mumbai Indians,0.50805235,0
2024-05-07,Delhi Capitals,2024,5,League,Delhi,"Arun Jaitley Stadium, Delhi",Delhi Capitals,Rajasthan Royals,Rajasthan Royals,field,0.4578313253012048,0.5185185185185185,0.4666666666666667,0.5185185185185185,0,1,0.49480003,0,1,Rajasthan Royals,Delhi Capitals,0.50519997,0
2024-05-08,Sunrisers Hyderabad,2024,5,League,Hyderabad,"Rajiv Gandhi International Stadium, Uppal, Hyderabad",Lucknow Super Giants,Sunrisers Hyderabad,Lucknow Super Giants,bat,0.5714285714285714,0.48044692737430167,0.8,0.5714285714285714,1,0,0.48420691,0,0,Sunrisers Hyderabad,Sunrisers Hyderabad,0.5157931,1
2024-05-09,Royal Challengers Bengaluru,2024,5,League,Dharamsala,"Himachal Pradesh Cricket Association Stadium, Dharamsala",Royal Challengers Bengaluru,Punjab Kings,Punjab Kings,field,0.484,0.45714285714285713,0.47058823529411764,0.45714285714285713,0,1,0.5213062,1,1,Royal Challengers Bengaluru,Royal Challengers Bengaluru,0.5213062,1
2024-05-10,Gujarat Titans,2024,5,League,Ahmedabad,"Narendra Modi Stadium, Ahmedabad",Gujarat Titans,Chennai Super Kings,Chennai Super Kings,field,0.6086956521739131,0.5847457627118644,0.5,0.5847457627118644,0,1,0.49039805,0,1,Chennai Super Kings,Gujarat Titans,0.50960195,0
2024-05-11,Kolkata Knight Riders,2024,5,League,Kolkata,"Eden Gardens, Kolkata",Kolkata Knight Riders,Mumbai Indians,Mumbai Indians,field,0.516,0.5555555555555556,0.3142857142857143,0.5555555555555556,0,1,0.52466136,1,1,Kolkata Knight Riders,Kolkata Knight Riders,0.52466136,1
2024-05-12,Chennai Super Kings,2024,5,League,Chennai,"MA Chidambaram Stadium, Chepauk, Chennai",Rajasthan Royals,Chennai Super Kings,Rajasthan Royals,bat,0.5161290322580645,0.5822784810126582,0.4666666666666667,0.5161290322580645,1,0,0.458128,0,0,Chennai Super Kings,Chennai Super Kings,0.541872,1
2024-05-12,Royal Challengers Bengaluru,2024,5,League,Bengaluru,"M Chinnaswamy Stadium, Bengaluru",Royal Challengers Bengaluru,Delhi Capitals,Delhi Capitals,field,0.4860557768924303,0.46,0.6129032258064516,0.46,0,1,0.5004379,1,1,Royal Challengers Bengaluru,Royal Challengers Bengaluru,0.5004379,1
2024-05-14,Delhi Capitals,2024,5,League,Delhi,"Arun Jaitley Stadium, Delhi",Delhi Capitals,Lucknow Super Giants,Lucknow Super Giants,field,0.4581673306772908,0.5581395348837209,0.3333333333333333,0.5581395348837209,0,1,0.53484786,1,1,Delhi Capitals,Delhi Capitals,0.53484786,1
2024-05-15,Punjab Kings,2024,5,League,Guwahati,"Barsapara Cricket Stadium, Guwahati",Rajasthan Royals,Punjab Kings,Rajasthan Royals,bat,0.5137614678899083,0.45528455284552843,0.5862068965517241,0.5137614678899083,1,0,0.48647776,0,0,Punjab Kings,Punjab Kings,0.51352227,1
2024-05-17,Lucknow Super Giants,2024,5,League,Mumbai,"Wankhede Stadium, Mumbai",Lucknow Super Giants,Mumbai Indians,Mumbai Indians,field,0.5454545454545454,0.5534351145038168,0.7142857142857143,0.5534351145038168,0,1,0.48615995,0,1,Mumbai Indians,Lucknow Super Giants,0.5138401,0
2024-05-18,Royal Challengers Bengaluru,2024,5,League,Bengaluru,"M Chinnaswamy Stadium, Bengaluru",Royal Challengers Bengaluru,Chennai Super Kings,Chennai Super Kings,field,0.4880952380952381,0.5840336134453782,0.3333333333333333,0.5840336134453782,0,1,0.45985067,0,1,Chennai Super Kings,Royal Challengers Bengaluru,0.54014933,0
2024-05-19,Sunrisers Hyderabad,2024,5,League,Hyderabad,"Rajiv Gandhi International Stadium, Uppal, Hyderabad",Punjab Kings,Sunrisers Hyderabad,Punjab Kings,bat,0.4574898785425101,0.48333333333333334,0.3333333333333333,0.4574898785425101,1,0,0.4824692,0,0,Sunrisers Hyderabad,Sunrisers Hyderabad,0.5175308,1
2024-05-21,Kolkata Knight Riders,2024,5,Qualifier 1,Ahmedabad,"Narendra Modi Stadium, Ahmedabad",Sunrisers Hyderabad,Kolkata Knight Riders,Sunrisers Hyderabad,bat,0.4861878453038674,0.5179282868525896,0.35714285714285715,0.4861878453038674,1,0,0.3941115,0,0,Kolkata Knight Riders,Kolkata Knight Riders,0.6058885,1
2024-05-22,Rajasthan Royals,2024,5,Eliminator,Ahmedabad,"Narendra Modi Stadium, Ahmedabad",Royal Challengers Bengaluru,Rajasthan Royals,Rajasthan Royals,field,0.4901185770750988,0.5114155251141552,0.5333333333333333,0.5114155251141552,0,0,0.4692026,0,0,Rajasthan Royals,Rajasthan Royals,0.53079736,1
2024-05-24,Sunrisers Hyderabad,2024,5,Qualifier 2,Chennai,"MA Chidambaram Stadium, Chepauk, Chennai",Sunrisers Hyderabad,Rajasthan Royals,Rajasthan Royals,field,0.4835164835164835,0.5136363636363637,0.5238095238095238,0.5136363636363637,0,1,0.4804112,0,1,Rajasthan Royals,Sunrisers Hyderabad,0.5195888,0
2024-05-26,Kolkata Knight Riders,2024,5,Final,Chennai,"MA Chidambaram Stadium, Chepauk, Chennai",Sunrisers Hyderabad,Kolkata Knight Riders,Sunrisers Hyderabad,bat,0.48633879781420764,0.5198412698412699,0.3448275862068966,0.48633879781420764,1,0,0.44452348,0,0,Kolkata Knight Riders,Kolkata Knight Riders,0.55547655,1
