number,roc_auc,datetime_start,datetime_complete,duration,params_batch_size,params_dropout_rate,params_hidden_units,params_learning_rate,params_optimizer,user_attrs_accuracy,user_attrs_best_epoch,user_attrs_f1,user_attrs_log_loss,user_attrs_precision,user_attrs_recall,user_attrs_roc_auc,state,accuracy,f1,precision,recall,log_loss,best_epoch
0,0.4722222222222222,2026-04-07 08:15:00.995967,2026-04-07 08:15:04.307295,0 days 00:00:03.311328,16,0.2,32,0.0008468008575248334,rmsprop,0.4539877300613497,1,0.5082872928176796,0.8352201552923965,0.42201834862385323,0.6388888888888888,0.4722222222222222,COMPLETE,0.4539877300613497,0.5082872928176796,0.42201834862385323,0.6388888888888888,0.8352201552923965,1
1,0.5351037851037851,2026-04-07 08:15:04.307367,2026-04-07 08:15:07.325414,0 days 00:00:03.018047,32,0.2,64,0.0011748439548007038,sgd,0.5460122699386503,1,0.0,0.7246324622357557,0.0,0.0,0.5351037851037851,COMPLETE,0.5460122699386503,0.0,0.0,0.0,0.7246324622357557,1
2,0.45467032967032966,2026-04-07 08:15:07.325494,2026-04-07 08:15:13.868152,0 days 00:00:06.542658,32,0.2,256,0.0005682837558512269,sgd,0.44785276073619634,27,0.5108695652173914,0.7461160072211878,0.41964285714285715,0.6527777777777778,0.45467032967032966,COMPLETE,0.44785276073619634,0.5108695652173914,0.41964285714285715,0.6527777777777778,0.7461160072211878,27
3,0.45833333333333337,2026-04-07 08:15:13.868208,2026-04-07 08:15:17.429863,0 days 00:00:03.561655,16,0.3,128,0.0030274065464556514,adam,0.4539877300613497,1,0.40268456375838924,0.715874792107723,0.38961038961038963,0.4166666666666667,0.45833333333333337,COMPLETE,0.4539877300613497,0.40268456375838924,0.38961038961038963,0.4166666666666667,0.715874792107723,1
4,0.47680097680097683,2026-04-07 08:15:17.429947,2026-04-07 08:15:21.250385,0 days 00:00:03.820438,16,0.3,256,0.0001031998233024769,sgd,0.4723926380368098,1,0.5520833333333334,0.7054217311799406,0.44166666666666665,0.7361111111111112,0.47680097680097683,COMPLETE,0.4723926380368098,0.5520833333333334,0.44166666666666665,0.7361111111111112,0.7054217311799406,1
5,0.5260989010989011,2026-04-07 08:15:21.250436,2026-04-07 08:15:24.020707,0 days 00:00:02.770271,128,0.1,256,0.00019781054912383758,rmsprop,0.4785276073619632,1,0.5853658536585366,0.6998324608809587,0.45112781954887216,0.8333333333333334,0.5260989010989011,COMPLETE,0.4785276073619632,0.5853658536585366,0.45112781954887216,0.8333333333333334,0.6998324608809587,1
6,0.5221306471306472,2026-04-07 08:15:24.020760,2026-04-07 08:15:26.721982,0 days 00:00:02.701222,128,0.5,128,0.0003687744286155104,rmsprop,0.4723926380368098,1,0.5376344086021505,0.6990788537623748,0.43859649122807015,0.6944444444444444,0.5221306471306472,COMPLETE,0.4723926380368098,0.5376344086021505,0.43859649122807015,0.6944444444444444,0.6990788537623748,1
7,0.4841269841269842,2026-04-07 08:15:26.722032,2026-04-07 08:15:33.658703,0 days 00:00:06.936671,16,0.3,128,0.010624824455988375,sgd,0.5153374233128835,21,0.27522935779816515,0.8768630801376526,0.40540540540540543,0.20833333333333334,0.4841269841269842,COMPLETE,0.5153374233128835,0.27522935779816515,0.40540540540540543,0.20833333333333334,0.8768630801376526,21
8,0.47970085470085466,2026-04-07 08:15:33.658756,2026-04-07 08:15:36.988877,0 days 00:00:03.330121,32,0.5,128,0.0005076734398297612,adam,0.4539877300613497,1,0.5741626794258373,0.7191130853121112,0.43795620437956206,0.8333333333333334,0.47970085470085466,COMPLETE,0.4539877300613497,0.5741626794258373,0.43795620437956206,0.8333333333333334,0.7191130853121112,1
9,0.4514652014652014,2026-04-07 08:15:36.988977,2026-04-07 08:15:40.151538,0 days 00:00:03.162561,64,0.3,256,0.0037096241656107308,sgd,0.4601226993865031,2,0.5217391304347826,0.7410344748118947,0.42857142857142855,0.6666666666666666,0.4514652014652014,COMPLETE,0.4601226993865031,0.5217391304347826,0.42857142857142855,0.6666666666666666,0.7410344748118947,2
10,0.49282661782661785,2026-04-07 08:15:40.151589,2026-04-07 08:15:43.440522,0 days 00:00:03.288933,32,0.4,64,0.021939050222540633,sgd,0.4662576687116564,1,0.4528301886792453,0.7067138358414692,0.41379310344827586,0.5,0.49282661782661785,COMPLETE,0.4662576687116564,0.4528301886792453,0.41379310344827586,0.5,0.7067138358414692,1
11,0.5027472527472527,2026-04-07 08:15:43.440572,2026-04-07 08:15:46.255151,0 days 00:00:02.814579,128,0.1,64,0.00012471739064851762,rmsprop,0.5153374233128835,1,0.27522935779816515,0.6942505441627281,0.40540540540540543,0.20833333333333334,0.5027472527472527,COMPLETE,0.5153374233128835,0.27522935779816515,0.40540540540540543,0.20833333333333334,0.6942505441627281,1
12,0.4642857142857143,2026-04-07 08:15:46.255211,2026-04-07 08:15:49.229171,0 days 00:00:02.973960,128,0.1,64,0.0016458699249228292,rmsprop,0.4785276073619632,3,0.5086705202312138,0.7540003748122033,0.43564356435643564,0.6111111111111112,0.4642857142857143,COMPLETE,0.4785276073619632,0.5086705202312138,0.43564356435643564,0.6111111111111112,0.7540003748122033,3
13,0.47298534798534797,2026-04-07 08:15:49.229224,2026-04-07 08:15:51.977516,0 days 00:00:02.748292,64,0.0,32,0.00024022186008275907,rmsprop,0.4723926380368098,1,0.4342105263157895,0.7010108735264956,0.4125,0.4583333333333333,0.47298534798534797,COMPLETE,0.4723926380368098,0.4342105263157895,0.4125,0.4583333333333333,0.7010108735264956,1
14,0.47359584859584863,2026-04-07 08:15:51.977565,2026-04-07 08:15:56.588894,0 days 00:00:04.611329,32,0.1,64,0.00150299597863225,adam,0.4723926380368098,10,0.44155844155844154,0.8910437076970147,0.4146341463414634,0.4722222222222222,0.47359584859584863,COMPLETE,0.4723926380368098,0.44155844155844154,0.4146341463414634,0.4722222222222222,0.8910437076970147,10
15,0.5694444444444444,2026-04-07 08:15:56.588983,2026-04-07 08:16:01.317145,0 days 00:00:04.728162,128,0.2,256,0.00019746733539895237,sgd,0.5460122699386503,20,0.4307692307692308,0.6855347729834655,0.4827586206896552,0.3888888888888889,0.5694444444444444,COMPLETE,0.5460122699386503,0.4307692307692308,0.4827586206896552,0.3888888888888889,0.6855347729834655,20
16,0.48672161172161177,2026-04-07 08:16:01.317199,2026-04-07 08:16:05.064609,0 days 00:00:03.747410,128,0.2,64,0.006464812332750515,sgd,0.49079754601226994,7,0.5699481865284974,0.735439836168792,0.45454545454545453,0.7638888888888888,0.48672161172161177,COMPLETE,0.49079754601226994,0.5699481865284974,0.45454545454545453,0.7638888888888888,0.735439836168792,7
17,0.4635989010989011,2026-04-07 08:16:05.064658,2026-04-07 08:16:10.779782,0 days 00:00:05.715124,32,0.2,256,0.0013124747984795356,sgd,0.4662576687116564,22,0.5084745762711864,0.7690298810935419,0.42857142857142855,0.625,0.4635989010989011,COMPLETE,0.4662576687116564,0.5084745762711864,0.42857142857142855,0.625,0.7690298810935419,22
18,0.5071733821733821,2026-04-07 08:16:10.779847,2026-04-07 08:16:13.698065,0 days 00:00:02.918218,64,0.2,32,0.00024214392654894141,sgd,0.5398773006134969,2,0.2857142857142857,0.6954996357094011,0.45454545454545453,0.20833333333333334,0.5071733821733821,COMPLETE,0.5398773006134969,0.2857142857142857,0.45454545454545453,0.20833333333333334,0.6954996357094011,2
19,0.4751221001221001,2026-04-07 08:16:13.698121,2026-04-07 08:16:18.127641,0 days 00:00:04.429520,128,0.0,64,0.0008985983196465636,sgd,0.4662576687116564,19,0.5245901639344263,0.7609108669682518,0.43243243243243246,0.6666666666666666,0.4751221001221001,COMPLETE,0.4662576687116564,0.5245901639344263,0.43243243243243246,0.6666666666666666,0.7609108669682518,19
20,0.46993284493284493,2026-04-07 08:16:18.127693,2026-04-07 08:16:21.586141,0 days 00:00:03.458448,32,0.4,256,0.002587852650836196,sgd,0.44785276073619634,4,0.5108695652173914,0.7140695857945492,0.41964285714285715,0.6527777777777778,0.46993284493284493,COMPLETE,0.44785276073619634,0.5108695652173914,0.41964285714285715,0.6527777777777778,0.7140695857945492,4
21,0.47909035409035405,2026-04-07 08:16:21.586192,2026-04-07 08:16:25.051417,0 days 00:00:03.465225,128,0.1,256,0.00019604306404869652,rmsprop,0.4662576687116564,8,0.48520710059171596,0.7783688942872278,0.422680412371134,0.5694444444444444,0.47909035409035405,COMPLETE,0.4662576687116564,0.48520710059171596,0.422680412371134,0.5694444444444444,0.7783688942872278,8
22,0.4661172161172161,2026-04-07 08:16:25.051469,2026-04-07 08:16:28.399382,0 days 00:00:03.347913,128,0.2,256,0.00016737832587771293,rmsprop,0.4171779141104294,2,0.5887445887445888,0.7431332401235864,0.4276729559748428,0.9444444444444444,0.4661172161172161,COMPLETE,0.4171779141104294,0.5887445887445888,0.4276729559748428,0.9444444444444444,0.7431332401235864,2
23,0.48061660561660563,2026-04-07 08:16:28.399436,2026-04-07 08:16:31.483248,0 days 00:00:03.083812,128,0.2,256,0.0004001583684384559,adam,0.44171779141104295,1,0.5882352941176471,0.732494733664623,0.436241610738255,0.9027777777777778,0.48061660561660563,COMPLETE,0.44171779141104295,0.5882352941176471,0.436241610738255,0.9027777777777778,0.732494733664623,1
24,0.48275335775335776,2026-04-07 08:16:31.483302,2026-04-07 08:16:35.410219,0 days 00:00:03.926917,128,0.1,256,0.0007886055760630471,sgd,0.4723926380368098,12,0.5904761904761905,0.7407460517617023,0.4492753623188406,0.8611111111111112,0.48275335775335776,COMPLETE,0.4723926380368098,0.5904761904761905,0.4492753623188406,0.8611111111111112,0.7407460517617023,12
25,0.47420634920634924,2026-04-07 08:16:35.410277,2026-04-07 08:16:38.907342,0 days 00:00:03.497065,128,0.2,256,0.00029618588813786693,rmsprop,0.43558282208588955,1,0.5576923076923077,0.7259173760104254,0.4264705882352941,0.8055555555555556,0.47420634920634924,COMPLETE,0.43558282208588955,0.5576923076923077,0.4264705882352941,0.8055555555555556,0.7259173760104254,1
26,0.48885836385836384,2026-04-07 08:16:38.907394,2026-04-07 08:16:42.052121,0 days 00:00:03.144727,32,0.0,64,0.00015105140699180628,sgd,0.5153374233128835,3,0.4697986577181208,0.7003254604790784,0.45454545454545453,0.4861111111111111,0.48885836385836384,COMPLETE,0.5153374233128835,0.4697986577181208,0.45454545454545453,0.4861111111111111,0.7003254604790784,3
27,0.5347985347985348,2026-04-07 08:16:42.052174,2026-04-07 08:16:45.051217,0 days 00:00:02.999043,64,0.4,32,0.0005693137786070545,sgd,0.5153374233128835,4,0.3969465648854962,0.6866838993910968,0.4406779661016949,0.3611111111111111,0.5347985347985348,COMPLETE,0.5153374233128835,0.3969465648854962,0.4406779661016949,0.3611111111111111,0.6866838993910968,4
28,0.5531135531135531,2026-04-07 08:16:45.051271,2026-04-07 08:16:52.978664,0 days 00:00:07.927393,64,0.4,32,0.0005832054128025955,sgd,0.5460122699386503,49,0.45588235294117646,0.6887258589687111,0.484375,0.4305555555555556,0.5531135531135531,COMPLETE,0.5460122699386503,0.45588235294117646,0.484375,0.4305555555555556,0.6887258589687111,49
29,0.469017094017094,2026-04-07 08:16:52.978723,2026-04-07 08:16:56.082620,0 days 00:00:03.103897,64,0.4,32,0.000953395336643865,sgd,0.4539877300613497,4,0.6147186147186147,0.7612561843692954,0.44654088050314467,0.9861111111111112,0.469017094017094,COMPLETE,0.4539877300613497,0.6147186147186147,0.44654088050314467,0.9861111111111112,0.7612561843692954,4
30,0.5065628815628815,2026-04-07 08:16:56.082672,2026-04-07 08:16:58.957388,0 days 00:00:02.874716,64,0.4,32,0.004964387531611309,sgd,0.49079754601226994,1,0.23853211009174313,0.6894567551352524,0.35135135135135137,0.18055555555555555,0.5065628815628815,COMPLETE,0.49079754601226994,0.23853211009174313,0.35135135135135137,0.18055555555555555,0.6894567551352524,1
31,0.5462454212454213,2026-04-07 08:16:58.957437,2026-04-07 08:17:02.326411,0 days 00:00:03.368974,64,0.4,32,0.0006006439639386229,sgd,0.4601226993865031,2,0.6140350877192983,0.7191874532810303,0.44871794871794873,0.9722222222222222,0.5462454212454213,COMPLETE,0.4601226993865031,0.6140350877192983,0.44871794871794873,0.9722222222222222,0.7191874532810303,2
32,0.5387667887667889,2026-04-07 08:17:02.326462,2026-04-07 08:17:05.333116,0 days 00:00:03.006654,64,0.4,32,0.0006789834842329068,sgd,0.5398773006134969,1,0.025974025974025976,0.6905624705164556,0.2,0.013888888888888888,0.5387667887667889,COMPLETE,0.5398773006134969,0.025974025974025976,0.2,0.013888888888888888,0.6905624705164556,1
33,0.552045177045177,2026-04-07 08:17:05.333169,2026-04-07 08:17:09.400159,0 days 00:00:04.066990,64,0.4,32,0.00046777029241673655,sgd,0.5521472392638037,12,0.1978021978021978,0.6845523432708372,0.47368421052631576,0.125,0.552045177045177,COMPLETE,0.5521472392638037,0.1978021978021978,0.47368421052631576,0.125,0.6845523432708372,12
34,0.5393772893772893,2026-04-07 08:17:09.400214,2026-04-07 08:17:12.758979,0 days 00:00:03.358765,64,0.4,32,0.0003775459463072674,sgd,0.5644171779141104,2,0.23655913978494625,0.7008833311631033,0.5238095238095238,0.1527777777777778,0.5393772893772893,COMPLETE,0.5644171779141104,0.23655913978494625,0.5238095238095238,0.1527777777777778,0.7008833311631033,2
35,0.4964896214896215,2026-04-07 08:17:12.759041,2026-04-07 08:17:15.646179,0 days 00:00:02.887138,64,0.4,32,0.0020769676743771282,sgd,0.4662576687116564,1,0.5953488372093023,0.7234660427097261,0.44755244755244755,0.8888888888888888,0.4964896214896215,COMPLETE,0.4662576687116564,0.5953488372093023,0.44755244755244755,0.8888888888888888,0.7234660427097261,1
36,0.45085470085470086,2026-04-07 08:17:15.646233,2026-04-07 08:17:18.494222,0 days 00:00:02.847989,64,0.4,32,0.0002894339469523958,sgd,0.43558282208588955,1,0.6,0.8041722389346696,0.43670886075949367,0.9583333333333334,0.45085470085470086,COMPLETE,0.43558282208588955,0.6,0.43670886075949367,0.9583333333333334,0.8041722389346696,1
37,0.518925518925519,2026-04-07 08:17:18.494278,2026-04-07 08:17:22.262426,0 days 00:00:03.768148,16,0.4,32,0.0005075181719531579,adam,0.49693251533742333,1,0.4057971014492754,0.6888585683791668,0.42424242424242425,0.3888888888888889,0.518925518925519,COMPLETE,0.49693251533742333,0.4057971014492754,0.42424242424242425,0.3888888888888889,0.6888585683791668,1
38,0.48244810744810745,2026-04-07 08:17:22.262482,2026-04-07 08:17:25.484309,0 days 00:00:03.221827,64,0.5,32,0.0001015102075635245,sgd,0.50920245398773,2,0.5238095238095238,0.7072921818306711,0.4583333333333333,0.6111111111111112,0.48244810744810745,COMPLETE,0.50920245398773,0.5238095238095238,0.4583333333333333,0.6111111111111112,0.7072921818306711,2
39,0.4826007326007326,2026-04-07 08:17:25.484369,2026-04-07 08:17:28.428880,0 days 00:00:02.944511,64,0.4,32,0.001176746393728595,sgd,0.49693251533742333,1,0.3492063492063492,0.6993221127417317,0.4074074074074074,0.3055555555555556,0.4826007326007326,COMPLETE,0.49693251533742333,0.3492063492063492,0.4074074074074074,0.3055555555555556,0.6993221127417317,1
40,0.5355616605616605,2026-04-07 08:17:28.428959,2026-04-07 08:17:32.363339,0 days 00:00:03.934380,16,0.4,128,0.00042890338242372974,sgd,0.5214723926380368,3,0.5,0.692244730432727,0.4642857142857143,0.5416666666666666,0.5355616605616605,COMPLETE,0.5214723926380368,0.5,0.4642857142857143,0.5416666666666666,0.692244730432727,3
41,0.48229548229548225,2026-04-07 08:17:32.363390,2026-04-07 08:17:38.960884,0 days 00:00:06.597494,64,0.4,32,0.000350902294014182,sgd,0.4662576687116564,35,0.6233766233766234,0.8002185698287488,0.4528301886792453,1.0,0.48229548229548225,COMPLETE,0.4662576687116564,0.6233766233766234,0.4528301886792453,1.0,0.8002185698287488,35
42,0.5575396825396826,2026-04-07 08:17:38.960972,2026-04-07 08:17:41.954228,0 days 00:00:02.993256,64,0.4,32,0.0007321994066197543,sgd,0.5521472392638037,1,0.02666666666666667,0.6824928697784256,0.3333333333333333,0.013888888888888888,0.5575396825396826,COMPLETE,0.5521472392638037,0.02666666666666667,0.3333333333333333,0.013888888888888888,0.6824928697784256,1
43,0.501984126984127,2026-04-07 08:17:41.954284,2026-04-07 08:17:45.236413,0 days 00:00:03.282129,64,0.3,32,0.0007027424296738039,sgd,0.5030674846625767,3,0.3305785123966942,0.6972128549189843,0.40816326530612246,0.2777777777777778,0.501984126984127,COMPLETE,0.5030674846625767,0.3305785123966942,0.40816326530612246,0.2777777777777778,0.6972128549189843,3
44,0.43513431013431014,2026-04-07 08:17:45.236473,2026-04-07 08:17:49.607065,0 days 00:00:04.370592,64,0.5,32,0.0005726915623207588,sgd,0.44171779141104295,14,0.4484848484848485,0.732733980473819,0.3978494623655914,0.5138888888888888,0.43513431013431014,COMPLETE,0.44171779141104295,0.4484848484848485,0.3978494623655914,0.5138888888888888,0.732733980473819,14
45,0.5085470085470085,2026-04-07 08:17:49.607118,2026-04-07 08:17:52.613264,0 days 00:00:03.006146,64,0.4,32,0.0010385465256836852,sgd,0.49693251533742333,1,0.5494505494505495,0.6994189761763535,0.45454545454545453,0.6944444444444444,0.5085470085470085,COMPLETE,0.49693251533742333,0.5494505494505495,0.45454545454545453,0.6944444444444444,0.6994189761763535,1
46,0.46718559218559225,2026-04-07 08:17:52.613315,2026-04-07 08:17:56.284129,0 days 00:00:03.670814,64,0.4,128,0.00026329244148210477,adam,0.4662576687116564,3,0.5245901639344263,0.7409902723495828,0.43243243243243246,0.6666666666666666,0.46718559218559225,COMPLETE,0.4662576687116564,0.5245901639344263,0.43243243243243246,0.6666666666666666,0.7409902723495828,3
47,0.47527472527472525,2026-04-07 08:17:56.284190,2026-04-07 08:18:01.472124,0 days 00:00:05.187934,16,0.3,32,0.0007138758950676487,sgd,0.44785276073619634,11,0.5263157894736842,0.7554854171501211,0.423728813559322,0.6944444444444444,0.47527472527472525,COMPLETE,0.44785276073619634,0.5263157894736842,0.423728813559322,0.6944444444444444,0.7554854171501211,11
48,0.46413308913308915,2026-04-07 08:18:01.472183,2026-04-07 08:18:04.976834,0 days 00:00:03.504651,64,0.4,32,0.00048388453207012496,sgd,0.44171779141104295,6,0.5991189427312775,0.7327140805001823,0.43870967741935485,0.9444444444444444,0.46413308913308915,COMPLETE,0.44171779141104295,0.5991189427312775,0.43870967741935485,0.9444444444444444,0.7327140805001823,6
49,0.4984737484737485,2026-04-07 08:18:04.976884,2026-04-07 08:18:09.042528,0 days 00:00:04.065644,64,0.0,32,0.001995449084792393,sgd,0.48466257668711654,8,0.45454545454545453,0.6953052983448813,0.4268292682926829,0.4861111111111111,0.4984737484737485,COMPLETE,0.48466257668711654,0.45454545454545453,0.4268292682926829,0.4861111111111111,0.6953052983448813,8
